login,name,company,location,email,hireable,bio,public_repos,followers,following,created_at
Premalatha-success,,,Chennai,,,,,0,0,
anitaa1990,,,Chennai,,,,,0,0,
codewithMUHILAN,,,Chennai,,,,,0,0,
sygops,,,Chennai,,,,,0,0,
Spikeysanju,,,Chennai,,,,,0,0,
suriyadeepan,,,Chennai,,,,,0,0,
IAmNithi,,,Chennai,,,,,0,0,
csjaba,,,Chennai,,,,,0,0,
sudip-mondal-2002,,,Chennai,,,,,0,0,
amuthansakthivel,,,Chennai,,,,,0,0,
jaganjavid,,,Chennai,,,,,0,0,
hareesh-r,,,Chennai,,,,,0,0,
aswintechguy,,,Chennai,,,,,0,0,
manikandanraji,,,Chennai,,,,,0,0,
TestLeafPages,,,Chennai,,,,,0,0,
anburocky3,,,Chennai,,,,,0,0,
ortoniKC,,,Chennai,,,,,0,0,
MovingToWeb,,,Chennai,,,,,0,0,
bhavaniravi,,,Chennai,,,,,0,0,
ckdevrel,,,Chennai,,,,,0,0,
kayceesrk,,,Chennai,,,,,0,0,
jjnanthakumar,,,Chennai,,,,,0,0,
smv1999,,,Chennai,,,,,0,0,
ikismail,,,Chennai,,,,,0,0,
Vasanthengineer4949,,,Chennai,,,,,0,0,
sarthakroy2002,,,Chennai,,,,,0,0,
sudar,,,Chennai,,,,,0,0,
skjha1,,,Chennai,,,,,0,0,
muthu1809,,,Chennai,,,,,0,0,
pyoganathan99,,,Chennai,,,,,0,0,
sriragavip,,,Chennai,,,,,0,0,
rajasegar,,,Chennai,,,,,0,0,
Shreyas3108,,,Chennai,,,,,0,0,
shrikanth7698,,,Chennai,,,,,0,0,
tshrinivasan,,,Chennai,,,,,0,0,
Rekklessss,,,Chennai,,,,,0,0,
anushbhatia,,,Chennai,,,,,0,0,
karuppiah7890,,,Chennai,,,,,0,0,
sivadass,,,Chennai,,,,,0,0,
deepanrajm,,,Chennai,,,,,0,0,
Balajichandra,,,Chennai,,,,,0,0,
krissh-the-dev,,,Chennai,,,,,0,0,
Bharathkumar1999,,,Chennai,,,,,0,0,
vraa,,,Chennai,,,,,0,0,
tamizhvendan,,,Chennai,,,,,0,0,
AbhijithGanesh,,,Chennai,,,,,0,0,
Dinesh-Sowndar,,,Chennai,,,,,0,0,
baalajimaestro,,,Chennai,,,,,0,0,
AnmolTomer,,,Chennai,,,,,0,0,
tvganesh,,,Chennai,,,,,0,0,
nethajinirmal13,,,Chennai,,,,,0,0,
mallikarjunayaddala,,,Chennai,,,,,0,0,
DaniAkash,,,Chennai,,,,,0,0,
skathirmani,,,Chennai,,,,,0,0,
shuveb,,,Chennai,,,,,0,0,
henry-richard7,,,Chennai,,,,,0,0,
jayitsaha,,,Chennai,,,,,0,0,
jaisonfdo,,,Chennai,,,,,0,0,
TharunBalaji2004,,,Chennai,,,,,0,0,
bharati-21,,,Chennai,,,,,0,0,
mohanrajmit,,,Chennai,,,,,0,0,
mohammadshaad,,,Chennai,,,,,0,0,
Raj2710,,,Chennai,,,,,0,0,
rames4498,,,Chennai,,,,,0,0,
PugazharasanC,,,Chennai,,,,,0,0,
vraravam,,,Chennai,,,,,0,0,
velmurugan-murugesan,,,Chennai,,,,,0,0,
princejwesley,,,Chennai,,,,,0,0,
kunalkeshan,,,Chennai,,,,,0,0,
astronomersiva,,,Chennai,,,,,0,0,
PandaWhoCodes,,,Chennai,,,,,0,0,
abdnzr,,,Chennai,,,,,0,0,
vanangamudi,,,Chennai,,,,,0,0,
ashokmuruga,,,Chennai,,,,,0,0,
karthick111,,,Chennai,,,,,0,0,
arunm-engineer,,,Chennai,,,,,0,0,
cbsudux,,,Chennai,,,,,0,0,
batteringram-dev,,,Chennai,,,,,0,0,
abhishekmishragithub,,,Chennai,,,,,0,0,
talk2amareswaran,,,Chennai,,,,,0,0,
anjupriya-v,,,Chennai,,,,,0,0,
prabaprakash,,,Chennai,,,,,0,0,
abhinand5,,,Chennai,,,,,0,0,
greed2411,,,Chennai,,,,,0,0,
kishaningithub,,,Chennai,,,,,0,0,
elangosundar,,,Chennai,,,,,0,0,
nandahkrishna,,,Chennai,,,,,0,0,
MKRhere,,,Chennai,,,,,0,0,
indykish,,,Chennai,,,,,0,0,
manojlds,,,Chennai,,,,,0,0,
pythongiant,,,Chennai,,,,,0,0,
varun-raj,,,Chennai,,,,,0,0,
bravegnu,,,Chennai,,,,,0,0,
mkswagger,,,Chennai,,,,,0,0,
iamvickyav,,,Chennai,,,,,0,0,
phreakyphoenix,,,Chennai,,,,,0,0,
karthikraman,,,Chennai,,,,,0,0,
vmmuthu31,,,Chennai,,,,,0,0,
Jaish19,,,Chennai,,,,,0,0,
sivaramambikasaran,,,Chennai,,,,,0,0,
mallikarjunece,,,Chennai,,,,,0,0,
sudhirj,,,Chennai,,,,,0,0,
NITHISHM2410,,,Chennai,,,,,0,0,
praveenVnktsh,,,Chennai,,,,,0,0,
Ishita-0112,,,Chennai,,,,,0,0,
ramsatt,,,Chennai,,,,,0,0,
kayalshri,,,Chennai,,,,,0,0,
rajmahendra,,,Chennai,,,,,0,0,
Priyadarshan2003,,,Chennai,,,,,0,0,
DheerajKumar97,,,Chennai,,,,,0,0,
praveenjuge,,,Chennai,,,,,0,0,
Varunbtech9682,,,Chennai,,,,,0,0,
saravanans55,,,Chennai,,,,,0,0,
iamrudhresh,,,Chennai,,,,,0,0,
ShyamSundhar1411,,,Chennai,,,,,0,0,
hasanfirnas,,,Chennai,,,,,0,0,
santosharron,,,Chennai,,,,,0,0,
SanjithKanagavel,,,Chennai,,,,,0,0,
senthil090,,,Chennai,,,,,0,0,
arunvelsriram,,,Chennai,,,,,0,0,
zolomohan,,,Chennai,,,,,0,0,
rajeshrinet,,,Chennai,,,,,0,0,
Thiru-cse,,,Chennai,,,,,0,0,
navilan,,,Chennai,,,,,0,0,
Harishwarrior,,,Chennai,,,,,0,0,
AnjaneyaTripathi,,,Chennai,,,,,0,0,
TestLeafInc,,,Chennai,,,,,0,0,
VishwaS-22,,,Chennai,,,,,0,0,
brinesoftwares,,,Chennai,,,,,0,0,
salman3009,,,Chennai,,,,,0,0,
navin-moorthy,,,Chennai,,,,,0,0,
karanganesan,,,Chennai,,,,,0,0,
guptaanmol184,,,Chennai,,,,,0,0,
Dhamuharker,,,Chennai,,,,,0,0,
arunprabu,,,Chennai,,,,,0,0,
shrayasr,,,Chennai,,,,,0,0,
Rahuletto,,,Chennai,,,,,0,0,
codegeous,,,Chennai,,,,,0,0,
oxsicode,,,Chennai,,,,,0,0,
stutisehgal,,,Chennai,,,,,0,0,
aklsh,,,Chennai,,,,,0,0,
SpandanM110,,,Chennai,,,,,0,0,
chamow97,,,Chennai,,,,,0,0,
javabyranjith,,,Chennai,,,,,0,0,
yashbonde,,,Chennai,,,,,0,0,
aghosh0605,,,Chennai,,,,,0,0,
EJL3,,,Chennai,,,,,0,0,
gphanikumar,,,Chennai,,,,,0,0,
ksharinarayanan,,,Chennai,,,,,0,0,
DhaanuI,,,Chennai,,,,,0,0,
Solai-Adithya,,,Chennai,,,,,0,0,
nsriram,,,Chennai,,,,,0,0,
khaleeljageer,,,Chennai,,,,,0,0,
haridas,,,Chennai,,,,,0,0,
rsnk96,,,Chennai,,,,,0,0,
sibiraj-s,,,Chennai,,,,,0,0,
vrishinvv,,,Chennai,,,,,0,0,
credavenue,,,Chennai,,,,,0,0,
chandan-reddy-k,,,Chennai,,,,,0,0,
balaji-sivasakthi,,,Chennai,,,,,0,0,
AshikNesin,,,Chennai,,,,,0,0,
AndroidSources,,,Chennai,,,,,0,0,
cshubhamrao,,,Chennai,,,,,0,0,
Data-Science-Community-SRM,,,Chennai,,,,,0,0,
Ashwin-krish-nan,,,Chennai,,,,,0,0,
iamkarthikbk,,,Chennai,,,,,0,0,
Pushparajkvp,,,Chennai,,,,,0,0,
rakshaa2000,,,Chennai,,,,,0,0,
Sameer01-01,,,Chennai,,,,,0,0,
sridarah,,,Chennai,,,,,0,0,
sidthesloth92,,,Chennai,,,,,0,0,
Sureshkrishh,,,Chennai,,,,,0,0,
ndrohith09,,,Chennai,,,,,0,0,
srummanf,,,Chennai,,,,,0,0,
shawshankkumar,,,Chennai,,,,,0,0,
sowjanya-105,,,Chennai,,,,,0,0,
fingers10,,,Chennai,,,,,0,0,
aakashhemadri,,,Chennai,,,,,0,0,
shakthimaan,,,Chennai,,,,,0,0,
steverob,,,Chennai,,,,,0,0,
PeterDiyo,,,Chennai,,,,,0,0,
AruLNadhaN,,,Chennai,,,,,0,0,
NextTechLab,,,Chennai,,,,,0,0,
a2ys,,,Chennai,,,,,0,0,
bhanupriya03m,,,Chennai,,,,,0,0,
devwaseem,,,Chennai,,,,,0,0,
Karthik-B-06,,,Chennai,,,,,0,0,
msomu,,,Chennai,,,,,0,0,
Vartika511,,,Chennai,,,,,0,0,
Ash515,,,Chennai,,,,,0,0,
moinudeen,,,Chennai,,,,,0,0,
kaushal-py,,,Chennai,,,,,0,0,
Thilagavathi1,,,Chennai,,,,,0,0,
Raghavan-RP,,,Chennai,,,,,0,0,
Tri-M,,,Chennai,,,,,0,0,
krishnansai,,,Chennai,,,,,0,0,
prabhu-sunderaraman,,,Chennai,,,,,0,0,
harish18092002,,,Chennai,,,,,0,0,
alvinbengeorge,,,Chennai,,,,,0,0,
hemantsolo,,,Chennai,,,,,0,0,
AdroitAnandAI,,,Chennai,,,,,0,0,
WiiWake3101,,,Chennai,,,,,0,0,
alphaX86,,,Chennai,,,,,0,0,
RahulSundar,,,Chennai,,,,,0,0,
Benjamin2602,,,Chennai,,,,,0,0,
ShaliniSJ,,,Chennai,,,,,0,0,
mindaslab,,,Chennai,,,,,0,0,
algogrit,,,Chennai,,,,,0,0,
saravanabot0,,,Chennai,,,,,0,0,
NithishCodez,,,Chennai,,,,,0,0,
ajaidanial,,,Chennai,,,,,0,0,
siddick,,,Chennai,,,,,0,0,
shiva1718,,,Chennai,,,,,0,0,
dineshdinz,,,Chennai,,,,,0,0,
tkseneee,,,Chennai,,,,,0,0,
prannamalai,,,Chennai,,,,,0,0,
Mugilan-Codes,,,Chennai,,,,,0,0,
CodingRanjith,,,Chennai,,,,,0,0,
railsfactory,,,Chennai,,,,,0,0,
sithart,,,Chennai,,,,,0,0,
Mayurji,,,Chennai,,,,,0,0,
MisbahullahSheriff,,,Chennai,,,,,0,0,
nathansdev,,,Chennai,,,,,0,0,
spurtcomm,,,Chennai,,,,,0,0,
ranjithstar256,,,Chennai,,,,,0,0,
adithya321,,,Chennai,,,,,0,0,
vatsank,,,Chennai,,,,,0,0,
Nikhil-Kumaran,,,Chennai,,,,,0,0,
BBloggsbott,,,Chennai,,,,,0,0,
ibelgin,,,Chennai,,,,,0,0,
senthilnayagam,,,Chennai,,,,,0,0,
tvvignesh,,,Chennai,,,,,0,0,
jskswamy,,,Chennai,,,,,0,0,
bharathirajatut,,,Chennai,,,,,0,0,
thakurarjun247,,,Chennai,,,,,0,0,
chefgs,,,Chennai,,,,,0,0,
rshankras,,,Chennai,,,,,0,0,
arunpranav-at,,,Chennai,,,,,0,0,
ganeshkumartk,,,Chennai,,,,,0,0,
MurugeshMarvel,,,Chennai,,,,,0,0,
balajisivaraman,,,Chennai,,,,,0,0,
HariniJeyaraman,,,Chennai,,,,,0,0,
PrittoRuban,,,Chennai,,,,,0,0,
EbenezerJesuraj,,,Chennai,,,,,0,0,
aasim-syed,,,Chennai,,,,,0,0,
manujeevanprakash,,,Chennai,,,,,0,0,
chinnichaitanya,,,Chennai,,,,,0,0,
sujoyyyy,,,Chennai,,,,,0,0,
AlexMathew,,,Chennai,,,,,0,0,
kdcloudy,,,Chennai,,,,,0,0,
Aravindh-Raju,,,Chennai,,,,,0,0,
SiddharthaBhattacharjee,,,Chennai,,,,,0,0,
Sudha247,,,Chennai,,,,,0,0,
egvijayanand,,,Chennai,,,,,0,0,
srinikesh2929,,,Chennai,,,,,0,0,
SaiBalaji-PSS,,,Chennai,,,,,0,0,
Vikram710,,,Chennai,,,,,0,0,
jubinjacob03,,,Chennai,,,,,0,0,
febinrev,,,Chennai,,,,,0,0,
tonydavidx,,,Chennai,,,,,0,0,
PranavGPR,,,Chennai,,,,,0,0,
nh037,,,Chennai,,,,,0,0,
navhits,,,Chennai,,,,,0,0,
STRIZERORTIX,,,Chennai,,,,,0,0,
adithya1010,,,Chennai,,,,,0,0,
Joe2k,,,Chennai,,,,,0,0,
briskinfosec,,,Chennai,,,,,0,0,
tuhinaww,,,Chennai,,,,,0,0,
BalaDhinesh,,,Chennai,,,,,0,0,
PratyushVM,,,Chennai,,,,,0,0,
srebalaji,,,Chennai,,,,,0,0,
sanghvian,,,Chennai,,,,,0,0,
NandagopalR,,,Chennai,,,,,0,0,
pavitrakumar78,,,Chennai,,,,,0,0,
yogan-gopi,,,Chennai,,,,,0,0,
Swetha5021,,,Chennai,,,,,0,0,
arunkumar-js25,,,Chennai,,,,,0,0,
ramajayam-CA,,,Chennai,,,,,0,0,
Manikantan-S,,,Chennai,,,,,0,0,
shariquenawaz,,,Chennai,,,,,0,0,
CityIsBetter,,,Chennai,,,,,0,0,
sharavak,,,Chennai,,,,,0,0,
Sukanyasingh3,,,Chennai,,,,,0,0,
gauthking,,,Chennai,,,,,0,0,
fizerkhan,,,Chennai,,,,,0,0,
Akilankm,,,Chennai,,,,,0,0,
sreeedhar,,,Chennai,,,,,0,0,
ramkumar-26,,,Chennai,,,,,0,0,
SeshagiriSriram,,,Chennai,,,,,0,0,
TejusR,,,Chennai,,,,,0,0,
ezhil56x,,,Chennai,,,,,0,0,
JYunth,,,Chennai,,,,,0,0,
RajSolai,,,Chennai,,,,,0,0,
AbhiSinghDeveloper,,,Chennai,,,,,0,0,
keerthanakanthan,,,Chennai,,,,,0,0,
whiletruelearn,,,Chennai,,,,,0,0,
py-ranoid,,,Chennai,,,,,0,0,
ravijaya,,,Chennai,,,,,0,0,
TartejBrothers,,,Chennai,,,,,0,0,
kapilmascul,,,Chennai,,,,,0,0,
nk-gears,,,Chennai,,,,,0,0,
R-TharunReddy,,,Chennai,,,,,0,0,
kulothunganug,,,Chennai,,,,,0,0,
Saif-Shines,,,Chennai,,,,,0,0,
augusten6383,,,Chennai,,,,,0,0,
sahas-01,,,Chennai,,,,,0,0,
Vishvam10,,,Chennai,,,,,0,0,
svignesh93,,,Chennai,,,,,0,0,
apmuthu,,,Chennai,,,,,0,0,
badri,,,Chennai,,,,,0,0,
abdul-alim,,,Chennai,,,,,0,0,
AjithPanneerselvam,,,Chennai,,,,,0,0,
Roshan-24,,,Chennai,,,,,0,0,
tsyogesh40,,,Chennai,,,,,0,0,
atharvakadlag,,,Chennai,,,,,0,0,
sudhirvkumar,,,Chennai,,,,,0,0,
sathya050801,,,Chennai,,,,,0,0,
deepaksur,,,Chennai,,,,,0,0,
SabariGanesh-K,,,Chennai,,,,,0,0,
sjlouji,,,Chennai,,,,,0,0,
ASHOKKUMAR-K,,,Chennai,,,,,0,0,
tsriram,,,Chennai,,,,,0,0,
sunel,,,Chennai,,,,,0,0,
namanmaheshwari97,,,Chennai,,,,,0,0,
jbontech,,,Chennai,,,,,0,0,
jesvijonathan,,,Chennai,,,,,0,0,
LakshminarayananG,,,Chennai,,,,,0,0,
payilagam,,,Chennai,,,,,0,0,
lionel-faber,,,Chennai,,,,,0,0,
Akshara604,,,Chennai,,,,,0,0,
Taarun13,,,Chennai,,,,,0,0,
Sathiyaraman-M,,,Chennai,,,,,0,0,
annshiv,,,Chennai,,,,,0,0,
serz4862,,,Chennai,,,,,0,0,
sriramoffcl,,,Chennai,,,,,0,0,
chnrv99,,,Chennai,,,,,0,0,
arvindarvee,,,Chennai,,,,,0,0,
YashovardhanSiramdas,,,Chennai,,,,,0,0,
Tetrax-10,,,Chennai,,,,,0,0,
avinash3699,,,Chennai,,,,,0,0,
2149-SRUTHI-S,,,Chennai,,,,,0,0,
rajeshkp,,,Chennai,,,,,0,0,
ArunBalajiR,,,Chennai,,,,,0,0,
xyzshantaram,,,Chennai,,,,,0,0,
Thirumurugan7,,,Chennai,,,,,0,0,
karthickvkumar,,,Chennai,,,,,0,0,
programVeins,,,Chennai,,,,,0,0,
ram2091999,,,Chennai,,,,,0,0,
dnivra26,,,Chennai,,,,,0,0,
keerthana054,,,Chennai,,,,,0,0,
susairajs,,,Chennai,,,,,0,0,
cnu,,,Chennai,,,,,0,0,
Rishita-Nayak,,,Chennai,,,,,0,0,
coding-geek21,,,Chennai,,,,,0,0,
ananya2407,,,Chennai,,,,,0,0,
ravin-d-27,,,Chennai,,,,,0,0,
Rohitchandramouli,,,Chennai,,,,,0,0,
mani-barathi,,,Chennai,,,,,0,0,
Xerefic,,,Chennai,,,,,0,0,
su-docker,,,Chennai,,,,,0,0,
nitya123-github,,,Chennai,,,,,0,0,
Joel-Marc,,,Chennai,,,,,0,0,
amrith92,,,Chennai,,,,,0,0,
Mr-Appu,,,Chennai,,,,,0,0,
worldofprasanna,,,Chennai,,,,,0,0,
giridharvc7,,,Chennai,,,,,0,0,
narendraiitm,,,Chennai,,,,,0,0,
mdfarhaan,,,Chennai,,,,,0,0,
codetiger,,,Chennai,,,,,0,0,
prabhatdev,,,Chennai,,,,,0,0,
Anshojha,,,Chennai,,,,,0,0,
GloryEzhil,,,Chennai,,,,,0,0,
Makerdemy,,,Chennai,,,,,0,0,
codingnirvana,,,Chennai,,,,,0,0,
rama270677,,,Chennai,,,,,0,0,
aksh-ai,,,Chennai,,,,,0,0,
hayzamjs,,,Chennai,,,,,0,0,
Thannzz,,,Chennai,,,,,0,0,
SARATHKUMAR-KP,,,Chennai,,,,,0,0,
saurass,,,Chennai,,,,,0,0,
harisarang,,,Chennai,,,,,0,0,
vaibhavTekk,,,Chennai,,,,,0,0,
SubZer0811,,,Chennai,,,,,0,0,
sparkz-technology,,,Chennai,,,,,0,0,
chanakyha,,,Chennai,,,,,0,0,
Vinaykumarmahato,,,Chennai,,,,,0,0,
v-adhithyan,,,Chennai,,,,,0,0,
muthaiyanmani,,,Chennai,,,,,0,0,
manojpawarsj12,,,Chennai,,,,,0,0,
zerothabhishek,,,Chennai,,,,,0,0,
anandprems,,,Chennai,,,,,0,0,
yogeshwaran01,,,Chennai,,,,,0,0,
svishakan,,,Chennai,,,,,0,0,
dtsdwarak,,,Chennai,,,,,0,0,
3ddelano,,,Chennai,,,,,0,0,
Achudh,,,Chennai,,,,,0,0,
joelewis,,,Chennai,,,,,0,0,
Trevahok,,,Chennai,,,,,0,0,
sundararajana,,,Chennai,,,,,0,0,
jeswanthmukesh20,,,Chennai,,,,,0,0,
SulthanNK,,,Chennai,,,,,0,0,
valarpirai,,,Chennai,,,,,0,0,
notjedi,,,Chennai,,,,,0,0,
mithunsasidharan,,,Chennai,,,,,0,0,
ashiqurrahman2205,,,Chennai,,,,,0,0,
Baktho-SN,,,Chennai,,,,,0,0,
kevinpauljacob,,,Chennai,,,,,0,0,
subwiz,,,Chennai,,,,,0,0,
Decoder6125,,,Chennai,,,,,0,0,
livingston,,,Chennai,,,,,0,0,
vanathi-g,,,Chennai,,,,,0,0,
Vashist-Agarwalla,,,Chennai,,,,,0,0,
teliver,,,Chennai,,,,,0,0,
neelgala,,,Chennai,,,,,0,0,
dsc-srmrmp,,,Chennai,,,,,0,0,
Varshini-k-02,,,Chennai,,,,,0,0,
sibahota059,,,Chennai,,,,,0,0,
RAJAGOPALAN-GANGADHARAN,,,Chennai,,,,,0,0,
sathishmepco,,,Chennai,,,,,0,0,
ShauryaBhandari,,,Chennai,,,,,0,0,
GunjanMA,,,Chennai,,,,,0,0,
PRAVIN200409,,,Chennai,,,,,0,0,
